id,date,season,away_team,home_team,period,game_clock,type,category,video_review,correction_timing,changed_goal_total,attribution_changed,market_impact,evidence_status,initial_ruling,corrected_ruling,reason,sources,evidence_notes
1977-02-15-NYI-LAK-venasky,1977-02-15,1976-77,NYI,LAK,1,,scorer_change,attribution_only,no,postgame,no,yes,none,verified_official,Goal credited to Kings goaltender Rogie Vachon after the Islanders' Bryan Trottier pass missed its mark and slid into New York's empty net during a delayed penalty. PA announcer credited Vachon; would have been the first NHL goal credited to a goaltender.,"Goal credited to Kings forward Vic Venasky, determined to be the last Kings player to touch the puck. Kings won the game 3-0; only player attribution changed.",Kings broadcaster Bob Miller reviewed his play-by-play tape after the period and found no evidence Vachon touched the puck; he alerted the official scorer.,https://www.nhl.com/kings/news/the-night-rogie-vachon-briefly-had-a-goal-314406232 ; https://en.wikipedia.org/wiki/List_of_goalscoring_NHL_goaltenders ; https://hockeygoalies.org/bio/vachon.html,"NHL.com (Kings team site) feature confirms date (Feb. 15, 1977), first-period timing, and postgame correction to Venasky. Exact game clock not stated in the source. Wikipedia's 'List of goalscoring NHL goaltenders' and hockeygoalies.org independently describe the same correction (they describe the review as video review; the NHL.com feature attributes the discovery to the broadcaster's tape)."
1987-11-29-NYI-NYR-shaw,1987-11-29,1987-88,NYI,NYR,2,8:59,scorer_change,attribution_only,yes,postgame,no,yes,none,verified_secondary,Goal credited to Rangers goaltender Bob Froese after Islanders' Brent Sutter's errant pass slid into New York's empty net during a delayed penalty; Froese was announced as only the second NHL goaltender credited with a goal.,Goal re-credited to Rangers defenseman David Shaw. The NHL stripped the goal from Froese after review determined Froese never touched the puck (the puck had hit the post). Rangers won 3-1; only player attribution changed.,"Videotape review showed the puck hit the goal post, not Froese, so he was not the last Rangers player to touch it. Froese himself told coaches after watching the replay.",https://www.washingtonpost.com/archive/sports/1987-11-30/froeses-goal-makes-history/228eb92e-3e53-4bb0-a44a-bdddd0c51883/ ; https://www.nytimes.com/1987-12-10/sports/nhl-notebook-flyer-goalie-s-goal-a-matter-of-when.html ; https://en.wikipedia.org/wiki/Bob_Froese ; https://hockeygoalies.org/bio/froese.html,"Game date, period and clock (8:59 of the 2nd) from The Washington Post (Nov. 30, 1987). The New York Times (Dec. 10, 1987) reports 'Last Friday, the N.H.L. stripped Bob Froese of the goal', placing the league correction around Dec. 4, 1987 — several days after the game. No NHL.com document found; flagged for that reason."
2004-02-14-TOR-BUF-noronen,2004-02-14,2003-04,TOR,BUF,,,scorer_change,attribution_only,no,postgame,no,yes,none,verified_official,Buffalo's goal (Robert Reichel own goal into the empty net) was announced with Dmitri Kalinin as the scorer during the Sabres' 6-4 win over Toronto.,"Goal credited to Sabres goaltender Mika Noronen, the last Buffalo player to touch the puck before Reichel put it into his own net. Noronen learned of the correction about 10 minutes after the game ended.","Postgame scoring review determined Noronen, not Kalinin, was the last Sabres player to touch the puck.",https://www.nhl.com/news/nine-goalies-are-credited-with-11-goals-in-nhl-history/c-369888,"NHL.com article (Dec. 5, 2007) documents the correction, including Noronen's quote. Period and clock are not stated in the source and are left null rather than assumed."
2017-05-29-NSH-PIT-subban,2017-05-29,2016-17,NSH,PIT,1,7:13,goal_to_nogoal|video_review,goal_total_changed,yes,in_game,yes,no,high,verified_secondary,P.K. Subban goal on the ice at 7:13 of the first period (Stanley Cup Final Game 1) — what would have been Nashville's first goal of the Final.,No goal. Pittsburgh coach Mike Sullivan challenged for offside; review determined Filip Forsberg preceded the puck into the zone without possession. First coach's challenge in Stanley Cup Final history. Pittsburgh went on to win 5-3.,Offside on the zone entry preceding the goal (Rule 78.7 offside challenge).,https://www.espn.com/nhl/story/_/id/19494098/mike-sullivan-pittsburgh-penguins-becomes-first-coach-use-challenge-stanley-cup-final ; https://www.espn.com/nhl/story/_/id/19493169/2017-stanley-cup-finals-penguins-escape-game-1-win ; https://www.newschannel5.com/sports/overturned-goal-sparks-nhl-replay-controversy,No NHL.com Situation Room post located for this 2017 review (the league's per-review posts came later). Verified via ESPN game coverage and AP reporting of the league's written explanation. Review took about four minutes.
2017-10-19-STL-COL-rantanen,2017-10-19,2017-18,STL,COL,3,17:26,goal_to_nogoal|acknowledged_error|video_review,acknowledged_error,yes,postgame,yes,no,high,verified_official,"Mikko Rantanen goal on the ice at 17:26 of the third period, which would have tied the game 4-4.","Call overturned on St. Louis offside challenge (Sven Andrighetto ruled offside) — no goal. The next day the NHL issued a statement admitting the review itself should never have happened: the puck had cleared the zone, resetting the entry, so under Rule 78.7 'the goal should have counted'. The result was not changed.",Offside challenge upheld by the Situation Room in error. Rule 78.7 only permits offside review of the zone entry immediately preceding the goal; the earlier offside was nullified when the puck left the zone.,https://www.nhl.com/news/situation-room-correction-avalanche-blues/c-292120660 ; https://nhl.nbcsports.com/2017-10-20/nhl-admits-off-side-challenge-error-that-cost-avalanche-a-goal ; https://www.denverpost.com/2017-10-20/avalanche-disallowed-goal-nhl-mistake/,"Official NHL statement dated Oct. 20, 2017. St. Louis won 4-3; had the goal counted, Colorado would have tied the game late and St. Louis would have taken a minor penalty for the failed challenge."
2021-02-20-TOR-MTL-kotkaniemi,2021-02-20,2020-21,TOR,MTL,2,15:29,goal_to_nogoal|video_review|double_review,goal_total_changed,yes,in_game,yes,no,high,verified_official,"Jesperi Kotkaniemi goal on the ice at 15:29 of the second period; an initial video review (puck crossing the line) upheld it as a goal, cutting Toronto's lead to 4-3.","No goal after a second review. Toronto challenged for goaltender interference; video review determined Kotkaniemi pushed Frederik Andersen's pad, causing the puck to enter the net (Rule 69.7). Toronto won 5-3.",Goaltender interference found on the second review after the goal had already survived the first review — a same-game double reversal.,https://www.nhl.com/news/toronto-maple-leafs-montreal-canadiens-situation-room-321626404 ; https://www.thescore.com/nhl/news/2118534,"Official NHL.com Situation Room post (dated Feb. 21, 2021) documents the challenge result and rule citation; game date and double-review sequence corroborated by theScore and Montreal Gazette coverage."
2021-12-10-BUF-NYR-olofsson,2021-12-10,2021-22,BUF,NYR,3,19:03,goal_to_nogoal|acknowledged_error|video_review,acknowledged_error,yes,postgame,yes,no,high,verified_official,Victor Olofsson goal on the ice with 57 seconds left in the third period (deflection off goalie Alexandar Georgiev and defenseman Patrik Nemeth) that would have tied the game 2-2.,"No goal: Situation Room-initiated review reversed the call for offside (Rasmus Dahlin tag-up). Two days later the NHL admitted the reversal was wrong: replay could not definitively determine Olofsson touched the puck before Dahlin tagged up, so league policy required staying with the original 'good goal' call. The result was not changed; the Rangers won 2-1.","Offside review overturned the goal although replay was inconclusive; the NHL later stated 'The original call on the ice, good goal, should have stood.'",https://www.nhl.com/news/nhl-admits-mistake-on-sabres-disallowed-goal-against-rangers-328906922,"Official NHL.com article (Dec. 12, 2021) quoting NHL senior EVP Colin Campbell's statement. Game played Friday Dec. 10, 2021."
2023-04-30-COL-SEA-mackinnon-g7,2023-04-30,2022-23,COL,SEA,3,2:36,goal_to_nogoal|video_review,goal_total_changed,yes,in_game,yes,no,high,verified_secondary,"Nathan MacKinnon one-timer on the ice at 2:36 of the third period of Game 7 (First Round), which would have tied the game 2-2.",No goal. Seattle challenged for offside; review determined Artturi Lehkonen entered the zone ahead of the puck roughly 17 seconds before the goal. Seattle won 2-1 and eliminated the defending champion Avalanche.,Offside on the zone entry preceding the goal.,https://www.sportingnews.com/us/nhl/news/avalanche-nathan-mackinnon-goal-disallowed-game-7-kraken/yldlm5x0icltrqtqvbtf43dq ; https://scoutingtherefs.com/2023-05-38947/avs-game-7-game-tying-goal-ruled-offside-after-kraken-challenge/ ; https://www.cbc.ca/sports/hockey/nhl/colorado-avalanche-seattle-kraken-game-7-april-30-1.6827699 ; https://www.theguardian.com/sport/2023/apr/30/boston-bruins-lose-florida-panthers-stanley-cup-playoffs,"Multiple independent outlets (Sporting News, Scouting The Refs, CBC, The Guardian) report identical details for the April 30, 2023 game. An official NHL.com Situation Room post for this specific review was not located and is flagged as missing."
2024-02-28-NJD-SJS-meier,2024-02-28,2023-24,NJD,SJS,2,12:16,goal_to_nogoal|video_review,goal_total_changed,yes,in_game,yes,no,potential,verified_official,Timo Meier goal on the ice at 12:16 of the second period.,No goal. San Jose challenged for offside; video review determined Alexander Holtz preceded the puck into the offensive zone before Meier's goal. Clock reset to 8:10.,Offside on the zone entry preceding the goal.,https://www.nhl.com/news/new-jersey-devils-san-jose-sharks-coach-challenge,Official NHL.com Situation Room post.
2024-06-21-FLA-EDM-barkov-g6,2024-06-21,2023-24,FLA,EDM,2,0:56,goal_to_nogoal|video_review,goal_total_changed,yes,in_game,yes,no,high,verified_official,Aleksander Barkov goal on the ice roughly 10 seconds after Adam Henrique's 2-0 goal early in the second period of Stanley Cup Final Game 6.,No goal. Edmonton challenged for offside; video review determined Sam Reinhart preceded the puck into the offensive zone. Clock reset to 19:09 (0:51 elapsed). Edmonton preserved a 2-0 lead and won 5-1 to force a Game 7.,Offside on the zone entry preceding the goal (Rule 38.9). Panthers coach Paul Maurice publicly disputed the conclusiveness of the review.,https://www.nhl.com/news/stanley-cup-final-game-6-panthers-no-goal-situation-room ; https://www.espn.com/nhl/story/_/id/40405533/panthers-rue-nullified-goal-vs-oilers-game-6-stanley-cup-final ; https://www.usatoday.com/story/sports/nhl/2024-06-21/stanley-cup-finals-live-updates-panthers-oilers-game-6-score/74172107007/,"Official NHL.com Situation Room post names the teams, period and rule but not the scorer; scorer (Barkov) and game context verified via ESPN, USA Today and Wikipedia's 2024 Stanley Cup Final summary."
2024-11-05-SEA-COL-rantanen-double-review,2024-11-05,2024-25,SEA,COL,2,9:11,nogoal_to_goal|video_review|double_review,goal_total_changed,yes,in_game,yes,no,potential,verified_official,Mikko Rantanen power-play goal on the ice at 9:11 of the second period (made it 4-2 Colorado).,"Goal confirmed after a double review. Seattle challenged for offside (Artturi Lehkonen); the referee first announced the goal disallowed, then the Situation Room re-opened the review: Seattle's Yanni Gourde had played the puck back into his own zone, which nullifies offside under Rule 83.1. Final: call on the ice upheld — goal Colorado; Seattle assessed a minor penalty for an unsuccessful challenge. Colorado won 6-3.",Rule 83.1 exception: offside is ignored when a defending player plays the puck back into his own zone while an opponent is in the zone.,https://www.nhl.com/news/seattle-kraken-colorado-avalanche-coach-challenge ; https://scoutingtherefs.com/2024-11-46183/avs-goal-disallowed-reawarded-after-double-offside-review-vs-kraken/ ; https://www.cbssports.com/nhl/gametracker/recap/NHL_20241105_SEA@COL/,"Official NHL.com post gives the final outcome ('Call on the ice is upheld – Goal Colorado', Rule 83.1, unsuccessful-challenge penalty). The intermediate 'no goal' announcement before the second review is documented by Scouting The Refs and The Hockey Beast; the NHL post itself does not describe that intermediate step."
2024-11-14-SJS-NYR-fox,2024-11-14,2024-25,SJS,NYR,2,14:32,goal_to_nogoal|video_review,goal_total_changed,yes,in_game,yes,no,potential,verified_official,Adam Fox goal on the ice at 14:32 of the second period.,"No goal. San Jose challenged for goaltender interference; video review determined Vincent Trocheck's actions caused Mackenzie Blackwood to lose his stick, impairing his ability to play his position prior to the goal (Rule 38.11 / 69).",Interference on the goalkeeper.,https://www.nhl.com/news/san-jose-sharks-new-york-rangers-coach-challenge,"Official NHL.com Situation Room post (game played Nov. 14, 2024)."
2025-03-26-NJD-CHI-mercer,2025-03-26,2024-25,NJD,CHI,1,6:50,scorer_change,attribution_only,no,postgame,no,yes,none,verified_official,"Devils goal at 6:50 of the first period (power play, made it 2-0) initially credited to Timo Meier.",Postgame OFFICIAL SCORING CHANGE: goal now reads Dawson Mercer from Luke Hughes and Nico Hischier. Mercer ended the night with two goals; the goal was removed from Meier's stat line.,Postgame review of which Devil got the final touch.,https://x.com/NHLPR/status/1905120424146383077 ; https://www.yardbarker.com/nhl/articles/nhl_issues_scoring_change_after_blackhawks_devils_game/s1_17615_41963992 ; https://www.nhl.com/news/new-jersey-devils-chicago-blackhawks-game-recap-march-26,"Primary record is the NHL Public Relations 'OFFICIAL SCORING CHANGE' post on X (@NHLPR, March 27, 2025, status 1905120424146383077), quoted verbatim and embedded by the syndicated report. Game date confirmed by the linked NHL.com game recap (March 26, 2025)."
2025-03-31-MIN-NJD-cotter-ot,2025-03-31,2024-25,MIN,NJD,OT,2:57,goal_to_nogoal|video_review,goal_total_changed,yes,in_game,yes,no,high,verified_official,Paul Cotter overtime winner on the ice at 2:57 of overtime.,"No goal. Situation Room-initiated review (automatic in overtime) determined the puck left the attacking zone at 2:08 before Nico Hischier played it back in, so the play was offside prior to the goal. Clock reset to 2:08; overtime continued.",Offside: zone cleared before the goal.,https://www.nhl.com/news/minnesota-wild-new-jersey-devils-situation-room,"Official NHL.com Situation Room post (dated April 1, 2025; game played Monday, March 31, 2025). A disallowed overtime winner is a textbook game-total/settlement-adjacent event."
2025-04-01-NSH-CBJ-oesterle,2025-04-01,2024-25,NSH,CBJ,3,9:02,assist_change,attribution_only,no,postgame,no,yes,none,verified_official,Nashville goal at 9:02 of the third period (Nashville's fourth) stood without officially confirmed assists at the final buzzer of Columbus' 8-4 win.,Postgame OFFICIAL SCORING CHANGE: goal now reads Jordan Oesterle from Cole Smith and Michael McCarron (assists formally credited after the game).,Assists were not confirmed in real time; the official scoring was completed postgame.,https://www.yardbarker.com/nhl/articles/nhl_issues_scoring_change_after_predators_blue_jackets_game/s1_17615_41992037,"Primary record is the NHL Public Relations 'OFFICIAL SCORING CHANGE' post on X (April 2, 2025), quoted verbatim in the syndicated report."
2025-04-05-CAR-BOS-pastrnak-assists,2025-04-05,2024-25,CAR,BOS,3,1:28,assist_change,attribution_only,no,postgame,no,yes,none,verified_official,"David Pastrnak goal at 1:28 of the third period of Boston's 5-1 win, live scoring showed an assist by Morgan Geekie only.",Postgame OFFICIAL SCORING CHANGE: goal now reads David Pastrnak from Morgan Geekie and Elias Lindholm (second assist added).,Postgame review of the scoring play added a helper.,https://www.yardbarker.com/nhl/articles/nhl_issues_scoring_change_after_bruins_hurricanes_game/s1_17615_42011070,"Primary record is the NHL Public Relations 'OFFICIAL SCORING CHANGE' post on X (April 6, 2025), quoted verbatim in the syndicated report."
2025-04-08-BOS-NJD-pastrnak-geekie,2025-04-08,2024-25,BOS,NJD,1,9:38,assist_change,attribution_only,no,postgame,no,yes,none,verified_official,"David Pastrnak goal at 9:38 of the first period of Boston's 7-2 win, initially credited with an assist to Parker Wotherspoon.",Postgame OFFICIAL SCORING CHANGE: goal now reads David Pastrnak from Morgan Geekie. The assist moved from Wotherspoon to Geekie.,Postgame review of the scoring play corrected the helper.,https://x.com/NHLPR/status/1909831272047800540 ; https://www.yardbarker.com/nhl/articles/nhl_issues_scoring_change_after_bruins_devils_game/s1_17615_42025683,"Primary record is the NHL Public Relations 'OFFICIAL SCORING CHANGE' post on X (April 9, 2025, status 1909831272047800540), quoted verbatim and embedded by the syndicated report."
2025-11-18-NYI-DAL-johnston,2025-11-18,2025-26,NYI,DAL,3,19:59,goal_to_nogoal|video_review,goal_total_changed,yes,in_game,yes,no,high,verified_official,Wyatt Johnston goal on the ice at 19:59 of the third period.,No goal. Situation Room-initiated review (automatic in the final minute of the third period) determined Dallas' Jason Robertson impaired David Rittich's ability to play his position in the crease prior to the goal (Rule 69.1).,Goaltender interference.,https://www.nhl.com/news/new-york-islanders-dallas-stars-situation-room,"Official NHL.com Situation Room post (game played Nov. 18, 2025). A goal wiped off the board in the final minute is a live game-total/settlement scenario."
2025-11-22-OTT-SJS-smith,2025-11-22,2025-26,OTT,SJS,1,1:27,goal_to_nogoal|video_review,goal_total_changed,yes,in_game,yes,no,potential,verified_official,Will Smith goal on the ice at 1:27 of the first period.,No goal. Ottawa challenged for offside; video review determined San Jose's Will Smith preceded the puck into the offensive zone prior to his own goal. Clock reset to 18:38.,Offside on the zone entry preceding the goal.,https://www.nhl.com/news/ottawa-senators-san-jose-sharks-coach-challenge,"Official NHL.com Situation Room post (game played Nov. 22, 2025)."
2026-04-15-SJS-CHI-toffoli,2026-04-15,2025-26,SJS,CHI,2,0:43,goal_to_nogoal|video_review,goal_total_changed,yes,in_game,yes,no,potential,verified_official,Tyler Toffoli goal on the ice at 0:43 of the second period.,No goal. Chicago challenged for offside; video review determined San Jose's Will Smith preceded the puck into the offensive zone prior to Toffoli's goal (Rule 38.9).,Offside on the zone entry preceding the goal.,https://www.nhl.com/news/san-jose-sharks-chicago-blackhawks-coach-challenge,"Official NHL.com Situation Room post (game played April 15, 2026)."
2026-04-28-MIN-DAL-boldy,2026-04-28,2025-26,MIN,DAL,1,19:47,goal_to_nogoal|video_review,goal_total_changed,yes,in_game,yes,no,potential,verified_official,Matt Boldy goal on the ice at 19:47 of the first period (Stanley Cup Playoffs).,"No goal. Dallas challenged for goaltender interference; video review determined Matt Boldy interfered with Jake Oettinger, impairing his ability to play his position in the crease prior to Boldy's goal (Rule 69.1).",Goaltender interference.,https://www.nhl.com/news/minnesota-wild-dallas-stars-coach-challenge-x2404,"Official NHL.com Situation Room post (post dated April 29, 2026; game played April 28, 2026)."
2026-05-25-CAR-MTL-dobson,2026-05-25,2025-26,CAR,MTL,3,8:28,goal_to_nogoal|video_review,goal_total_changed,yes,in_game,yes,no,potential,verified_official,Noah Dobson goal on the ice at 8:28 of the third period (Stanley Cup Playoffs).,No goal. Carolina challenged for offside; video review determined Montreal's Cole Caufield preceded the puck into the offensive zone prior to Dobson's goal (Rule 38.9).,Offside on the zone entry preceding the goal.,https://www.nhl.com/news/carolina-hurricanes-montreal-canadiens-game-3-coach-challenge,"Official NHL.com Situation Room post (post dated May 26, 2026; game played May 25, 2026)."
